param,value,ppo,sac,sacdr
cart_friction,0.000,1.000,0.994,0.998
cart_friction,0.500,1.000,0.994,0.998
cart_friction,1.000,1.000,0.994,0.997
cart_friction,2.000,1.000,0.985,0.979
cart_friction,4.000,1.000,0.930,0.921
cart_friction,8.000,1.000,0.690,0.758
force_mag,1.500,0.843,0.399,0.710
force_mag,2.000,0.860,0.625,0.814
force_mag,2.500,0.891,0.793,0.855
force_mag,3.000,0.959,0.895,0.872
force_mag,4.000,1.000,0.980,0.924
force_mag,5.000,1.000,0.994,0.978
force_mag,6.000,1.000,0.994,0.992
force_mag,7.500,1.000,0.994,0.998
force_mag,10.000,1.000,0.994,0.998
masscart,0.500,1.000,0.994,0.998
masscart,1.000,1.000,0.994,0.998
masscart,1.500,1.000,0.994,0.998
masscart,2.000,1.000,0.994,0.986
masscart,3.000,1.000,0.921,0.893
masscart,4.000,0.904,0.826,0.863
masscart,6.000,0.854,0.571,0.762
masscart,8.000,0.819,0.383,0.619
pole_len,0.250,1.000,0.934,0.999
pole_len,0.375,1.000,0.994,0.999
pole_len,0.500,1.000,0.994,0.998
pole_len,0.750,1.000,0.976,0.990
pole_len,1.000,0.618,0.874,0.898
pole_len,1.500,0.076,0.840,0.839
pole_len,2.000,0.051,0.874,0.765
pole_len,2.500,0.049,0.451,0.654
