ppo_s4,masscart,0.5,500.0,0.0,0.0,500.0,1.0,20
ppo_s4,masscart,1.0,500.0,0.0,0.0,500.0,1.0,20
ppo_s4,masscart,1.5,500.0,0.0,0.0,500.0,1.0,20
ppo_s4,masscart,2.0,500.0,0.0,0.0,500.0,1.0,20
ppo_s4,masscart,3.0,500.0,0.0,0.0,500.0,1.0,20
ppo_s4,masscart,4.0,500.0,0.0,0.0,500.0,1.0,20
ppo_s4,masscart,6.0,500.0,0.0,0.0,500.0,1.0,20
ppo_s4,masscart,8.0,500.0,0.0,0.0,500.0,1.0,20
ppo_s4,force_mag,10.0,500.0,0.0,0.0,500.0,1.0,20
ppo_s4,force_mag,7.5,500.0,0.0,0.0,500.0,1.0,20
ppo_s4,force_mag,6.0,500.0,0.0,0.0,500.0,1.0,20
ppo_s4,force_mag,5.0,500.0,0.0,0.0,500.0,1.0,20
ppo_s4,force_mag,4.0,500.0,0.0,0.0,500.0,1.0,20
ppo_s4,force_mag,3.0,500.0,0.0,0.0,500.0,1.0,20
ppo_s4,force_mag,2.5,500.0,0.0,0.0,500.0,1.0,20
ppo_s4,force_mag,2.0,500.0,0.0,0.0,500.0,1.0,20
ppo_s4,force_mag,1.5,500.0,0.0,0.0,500.0,1.0,20
ppo_s4,pole_len,0.25,500.0,0.0,0.0,500.0,1.0,20
ppo_s4,pole_len,0.375,500.0,0.0,0.0,500.0,1.0,20
ppo_s4,pole_len,0.5,500.0,0.0,0.0,500.0,1.0,20
ppo_s4,pole_len,0.75,500.0,0.0,0.0,500.0,1.0,20
ppo_s4,pole_len,1.0,500.0,0.0,0.0,500.0,1.0,20
ppo_s4,pole_len,1.5,48.1,16.13,1.0,48.1,0.0962,20
ppo_s4,pole_len,2.0,25.8,10.98,1.0,25.8,0.0516,20
ppo_s4,pole_len,2.5,23.25,2.21,1.0,23.25,0.0465,20
ppo_s4,cart_friction,0.0,500.0,0.0,0.0,500.0,1.0,20
ppo_s4,cart_friction,0.5,500.0,0.0,0.0,500.0,1.0,20
ppo_s4,cart_friction,1.0,500.0,0.0,0.0,500.0,1.0,20
ppo_s4,cart_friction,2.0,500.0,0.0,0.0,500.0,1.0,20
ppo_s4,cart_friction,4.0,500.0,0.0,0.0,500.0,1.0,20
ppo_s4,cart_friction,8.0,500.0,0.0,0.0,500.0,1.0,20
