model,budget,mean_return,norm_return
sac_s0,0,228.75,0.4575
sac_s0,500,317.15,0.6343
sac_s0,1000,256.05,0.5121
sac_s0,2000,253.95,0.5079
sac_s0,5000,483.35,0.9667
sac_s0,10000,370.6,0.7412000000000001
sac_s0,20000,278.55,0.5571
sac_s0,40000,201.4,0.4028
sac_s0,80000,500.0,1.0
oracle(sacoracle_pl2_s0),-1,228.6,0.4572
sac_s1,0,418.65,0.8372999999999999
sac_s1,500,122.7,0.2454
sac_s1,1000,130.3,0.2606
sac_s1,2000,259.45,0.5189
sac_s1,5000,152.0,0.304
sac_s1,10000,222.15,0.44430000000000003
sac_s1,20000,314.3,0.6286
sac_s1,40000,250.3,0.5006
sac_s1,80000,182.95,0.3659
oracle(sacoracle_pl2_s0),-1,228.6,0.4572
sac_s2,0,490.3,0.9806
sac_s2,500,411.8,0.8236
sac_s2,1000,292.2,0.5844
sac_s2,2000,319.85,0.6397
sac_s2,5000,316.25,0.6325
sac_s2,10000,241.0,0.482
sac_s2,20000,194.3,0.3886
sac_s2,40000,243.25,0.4865
sac_s2,80000,327.5,0.655
oracle(sacoracle_pl2_s0),-1,228.6,0.4572
