l_true,seed,identifier,dither,oracle_detect,adapt_total_return,adapt_last_return,recovered,interactions_post,sub_episodes,t_detect,t_identify,l_hat_final,nominal_lqr_return,oracle_lqr_return,post_adapt_return,post_adapt_std,post_adapt_norm,oracle_norm
1.0,0,grid,True,False,730.0,500.0,True,630,2,125,180,0.8666666666666667,167.1,500.0,500.0,0.0,1.0,1.0
1.0,1,grid,True,False,771.0,500.0,True,671,2,174,221,0.8666666666666667,167.1,500.0,500.0,0.0,1.0,1.0
1.0,2,grid,True,False,825.0,500.0,True,725,2,202,275,0.8666666666666667,167.1,500.0,500.0,0.0,1.0,1.0
1.0,3,grid,True,False,764.0,500.0,True,664,2,169,214,0.8333333333333333,167.1,500.0,500.0,0.0,1.0,1.0
1.0,4,grid,True,False,823.0,500.0,True,723,2,186,273,0.8666666666666667,167.1,500.0,500.0,0.0,1.0,1.0
1.0,5,grid,True,False,804.0,500.0,True,704,2,195,254,0.8666666666666667,167.1,500.0,500.0,0.0,1.0,1.0
1.0,6,grid,True,False,843.0,500.0,True,743,2,141,291,0.8666666666666667,167.1,500.0,500.0,0.0,1.0,1.0
1.0,7,grid,True,False,762.0,500.0,True,662,2,153,212,0.8666666666666667,167.1,500.0,500.0,0.0,1.0,1.0
1.0,8,grid,True,False,728.0,500.0,True,628,2,132,178,0.8666666666666667,167.1,500.0,500.0,0.0,1.0,1.0
1.0,9,grid,True,False,833.0,500.0,True,733,2,257,283,0.8666666666666667,167.1,500.0,500.0,0.0,1.0,1.0
1.5,0,grid,True,False,642.0,500.0,True,542,3,105,92,1.1,36.6,500.0,500.0,0.0,1.0,1.0
1.5,1,grid,True,False,660.0,500.0,True,560,2,120,110,1.1333333333333333,36.6,500.0,500.0,0.0,1.0,1.0
1.5,2,grid,True,False,669.0,500.0,True,569,3,126,119,1.1333333333333333,36.6,500.0,500.0,0.0,1.0,1.0
1.5,3,grid,True,False,645.0,500.0,True,545,2,112,95,1.1333333333333333,36.6,500.0,500.0,0.0,1.0,1.0
1.5,4,grid,True,False,644.0,500.0,True,544,3,109,94,1.1333333333333333,36.6,500.0,500.0,0.0,1.0,1.0
1.5,5,grid,True,False,652.0,500.0,True,552,2,118,102,1.1333333333333333,36.6,500.0,500.0,0.0,1.0,1.0
1.5,6,grid,True,False,673.0,500.0,True,573,3,108,123,1.1333333333333333,36.6,500.0,500.0,0.0,1.0,1.0
1.5,7,grid,True,False,649.0,500.0,True,549,3,110,,1.0666666666666667,36.6,500.0,500.0,0.0,1.0,1.0
1.5,8,grid,True,False,652.0,500.0,True,552,2,108,102,1.1666666666666667,36.6,500.0,500.0,0.0,1.0,1.0
1.5,9,grid,True,False,685.0,500.0,True,585,3,124,135,1.1,36.6,500.0,500.0,0.0,1.0,1.0
2.0,0,grid,True,False,643.0,500.0,True,543,3,105,93,1.4333333333333333,23.3,500.0,500.0,0.0,1.0,1.0
2.0,1,grid,True,False,655.0,500.0,True,555,3,117,105,1.5,23.3,500.0,500.0,0.0,1.0,1.0
2.0,2,grid,True,False,649.0,500.0,True,549,3,112,99,1.4666666666666666,23.3,500.0,500.0,0.0,1.0,1.0
2.0,3,grid,True,False,645.0,500.0,True,545,3,107,95,1.5,23.3,500.0,500.0,0.0,1.0,1.0
2.0,4,grid,True,False,644.0,500.0,True,544,3,106,94,1.5,23.3,500.0,500.0,0.0,1.0,1.0
2.0,5,grid,True,False,648.0,500.0,True,548,3,111,98,1.4666666666666666,23.3,500.0,500.0,0.0,1.0,1.0
2.0,6,grid,True,False,647.0,500.0,True,547,3,106,97,1.4666666666666666,23.3,500.0,500.0,0.0,1.0,1.0
2.0,7,grid,True,False,644.0,500.0,True,544,3,107,94,1.4666666666666666,23.3,500.0,500.0,0.0,1.0,1.0
2.0,8,grid,True,False,644.0,500.0,True,544,3,106,94,1.5,23.3,500.0,500.0,0.0,1.0,1.0
2.0,9,grid,True,False,680.0,500.0,True,580,3,111,130,1.4666666666666666,23.3,500.0,500.0,0.0,1.0,1.0
2.5,0,grid,True,False,626.0,500.0,True,526,2,104,76,1.7666666666666666,24.3,500.0,399.5,155.7017983197368,0.799,1.0
2.5,1,grid,True,False,664.0,500.0,True,564,3,121,114,1.8,24.3,500.0,500.0,0.0,1.0,1.0
2.5,2,grid,True,False,651.0,500.0,True,551,3,110,101,1.7666666666666666,24.3,500.0,500.0,0.0,1.0,1.0
2.5,3,grid,True,False,648.0,500.0,True,548,3,106,98,1.8,24.3,500.0,500.0,0.0,1.0,1.0
2.5,4,grid,True,False,647.0,500.0,True,547,3,105,97,1.7666666666666666,24.3,500.0,500.0,0.0,1.0,1.0
2.5,5,grid,True,False,651.0,500.0,True,551,3,110,101,1.7333333333333332,24.3,500.0,467.9,96.3,0.9358,1.0
2.5,6,grid,True,False,649.0,500.0,True,549,3,105,99,1.7333333333333332,24.3,500.0,437.0,126.22915669527386,0.874,1.0
2.5,7,grid,True,False,626.0,500.0,True,526,2,105,76,1.7333333333333332,24.3,500.0,284.2,127.13756329267916,0.5684,1.0
2.5,8,grid,True,False,648.0,500.0,True,548,3,105,98,1.8333333333333333,24.3,500.0,500.0,0.0,1.0,1.0
2.5,9,grid,True,False,654.0,500.0,True,554,3,109,104,1.7333333333333332,24.3,500.0,500.0,0.0,1.0,1.0
3.0,0,grid,True,False,628.0,500.0,True,528,2,104,78,2.2333333333333334,25.9,500.0,500.0,0.0,1.0,1.0
3.0,1,grid,True,False,658.0,500.0,True,558,3,115,108,2.066666666666667,25.9,500.0,152.9,39.634454707993655,0.3058,1.0
3.0,2,grid,True,False,631.0,500.0,True,531,2,109,81,2.033333333333333,25.9,500.0,222.7,91.51726613049583,0.44539999999999996,1.0
3.0,3,grid,True,False,627.0,500.0,True,527,2,105,77,2.1333333333333333,25.9,500.0,376.5,170.07660038935398,0.753,1.0
3.0,4,grid,True,False,627.0,500.0,True,527,2,105,77,2.1333333333333333,25.9,500.0,225.6,141.66312152426968,0.4512,1.0
3.0,5,grid,True,False,631.0,500.0,True,531,2,110,81,2.1,25.9,500.0,185.0,75.26486564128047,0.37,1.0
3.0,6,grid,True,False,627.0,500.0,True,527,2,105,77,2.4000000000000004,25.9,500.0,500.0,0.0,1.0,1.0
3.0,7,grid,True,False,1046.0,500.0,True,946,3,105,77,2.066666666666667,25.9,500.0,183.2,103.62412846436875,0.3664,1.0
3.0,8,grid,True,False,626.0,500.0,True,526,2,105,76,2.066666666666667,25.9,500.0,295.4,138.51656940597397,0.5908,1.0
3.0,9,grid,True,False,655.0,500.0,True,555,3,108,105,2.1,25.9,500.0,379.8,174.92329747635102,0.7596,1.0
